年月,來源港,來源洲,臺灣港,TEU
"2022/01","CNNGB","亞洲","TWHPC",96
"2022/01","CNNGB","亞洲","TWKEL",2698
"2022/01","CNNGB","亞洲","TWKHH",5195
"2022/01","CNNGB","亞洲","TWTPE",1344
"2022/01","CNNGB","亞洲","TWTXG",4376
"2022/01","CNSHA","亞洲","TWKEL",20691
"2022/01","CNSHA","亞洲","TWKHH",14514
"2022/01","CNSHA","亞洲","TWTPE",3654
"2022/01","CNSHA","亞洲","TWTXG",14164
"2022/01","HKHKG","亞洲","TWKEL",21668
"2022/01","HKHKG","亞洲","TWKHH",27076
"2022/01","HKHKG","亞洲","TWTPE",4578
"2022/01","HKHKG","亞洲","TWTXG",9283
"2022/01","JPTYO","亞洲","TWKEL",4956
"2022/01","JPTYO","亞洲","TWKHH",14134
"2022/01","JPTYO","亞洲","TWTPE",2672
"2022/01","JPTYO","亞洲","TWTXG",5565
"2022/01","JPYOK","亞洲","TWKEL",3809
"2022/01","JPYOK","亞洲","TWKHH",10683
"2022/01","JPYOK","亞洲","TWTPE",1122
"2022/01","JPYOK","亞洲","TWTXG",1892
"2022/01","KRPUS","亞洲","TWKEL",4314
"2022/01","KRPUS","亞洲","TWKHH",17748
"2022/01","KRPUS","亞洲","TWTPE",2496
"2022/01","KRPUS","亞洲","TWTXG",2573
"2022/01","SGSIN","亞洲","TWKEL",1732
"2022/01","SGSIN","亞洲","TWKHH",17843
"2022/01","SGSIN","亞洲","TWTPE",2111
"2022/01","SGSIN","亞洲","TWTXG",3402
"2022/01","THLCH","亞洲","TWKEL",1517
"2022/01","THLCH","亞洲","TWKHH",14769
"2022/01","THLCH","亞洲","TWTPE",12285
"2022/01","THLCH","亞洲","TWTXG",1942
"2022/01","USLAX","北美洲","TWKEL",1891
"2022/01","USLAX","北美洲","TWKHH",7579
"2022/01","USLAX","北美洲","TWTPE",7346
"2022/01","VNHPH","亞洲","TWKEL",334
"2022/01","VNHPH","亞洲","TWKHH",11812
"2022/01","VNHPH","亞洲","TWTXG",734
"2022/02","CNNGB","亞洲","TWHPC",350
"2022/02","CNNGB","亞洲","TWKEL",1798
"2022/02","CNNGB","亞洲","TWKHH",5591
"2022/02","CNNGB","亞洲","TWTPE",509
"2022/02","CNNGB","亞洲","TWTXG",3682
"2022/02","CNSHA","亞洲","TWKEL",11184
"2022/02","CNSHA","亞洲","TWKHH",10282
"2022/02","CNSHA","亞洲","TWTPE",1316
"2022/02","CNSHA","亞洲","TWTXG",7965
"2022/02","HKHKG","亞洲","TWKEL",14084
"2022/02","HKHKG","亞洲","TWKHH",14590
"2022/02","HKHKG","亞洲","TWTPE",3173
"2022/02","HKHKG","亞洲","TWTXG",7197
"2022/02","JPTYO","亞洲","TWKEL",4083
"2022/02","JPTYO","亞洲","TWKHH",13742
"2022/02","JPTYO","亞洲","TWTPE",2910
"2022/02","JPTYO","亞洲","TWTXG",5417
"2022/02","JPYOK","亞洲","TWKEL",4473
"2022/02","JPYOK","亞洲","TWKHH",11538
"2022/02","JPYOK","亞洲","TWTPE",1370
"2022/02","JPYOK","亞洲","TWTXG",3594
"2022/02","KRPUS","亞洲","TWKEL",4430
"2022/02","KRPUS","亞洲","TWKHH",12795
"2022/02","KRPUS","亞洲","TWTPE",1968
"2022/02","KRPUS","亞洲","TWTXG",2303
"2022/02","SGSIN","亞洲","TWKEL",1005
"2022/02","SGSIN","亞洲","TWKHH",13744
"2022/02","SGSIN","亞洲","TWTPE",1905
"2022/02","SGSIN","亞洲","TWTXG",4188
"2022/02","THLCH","亞洲","TWKEL",958
"2022/02","THLCH","亞洲","TWKHH",11760
"2022/02","THLCH","亞洲","TWTPE",7240
"2022/02","THLCH","亞洲","TWTXG",1426
"2022/02","USLAX","北美洲","TWKEL",2868
"2022/02","USLAX","北美洲","TWKHH",17028
"2022/02","USLAX","北美洲","TWKHP",532
"2022/02","USLAX","北美洲","TWKHT",743
"2022/02","USLAX","北美洲","TWTPE",5665
"2022/02","VNHPH","亞洲","TWKEL",356
"2022/02","VNHPH","亞洲","TWKHH",5700
"2022/02","VNHPH","亞洲","TWTXG",1223
"2022/03","CNNGB","亞洲","TWHPC",461
"2022/03","CNNGB","亞洲","TWKEL",5172
"2022/03","CNNGB","亞洲","TWKHH",6379
"2022/03","CNNGB","亞洲","TWTPE",1463
"2022/03","CNNGB","亞洲","TWTXG",6466
"2022/03","CNSHA","亞洲","TWKEL",21167
"2022/03","CNSHA","亞洲","TWKHH",14794
"2022/03","CNSHA","亞洲","TWTPE",4602
"2022/03","CNSHA","亞洲","TWTXG",12123
"2022/03","HKHKG","亞洲","TWKEL",23327
"2022/03","HKHKG","亞洲","TWKHE",10
"2022/03","HKHKG","亞洲","TWKHH",24392
"2022/03","HKHKG","亞洲","TWTPE",3718
"2022/03","HKHKG","亞洲","TWTXG",10214
"2022/03","JPTYO","亞洲","TWKEL",4049
"2022/03","JPTYO","亞洲","TWKHH",11118
"2022/03","JPTYO","亞洲","TWTPE",1679
"2022/03","JPTYO","亞洲","TWTXG",5848
"2022/03","JPYOK","亞洲","TWKEL",3720
"2022/03","JPYOK","亞洲","TWKHH",11422
"2022/03","JPYOK","亞洲","TWTPE",1023
"2022/03","JPYOK","亞洲","TWTXG",2548
"2022/03","KRPUS","亞洲","TWKEL",4515
"2022/03","KRPUS","亞洲","TWKHH",13536
"2022/03","KRPUS","亞洲","TWTPE",1587
"2022/03","KRPUS","亞洲","TWTXG",2900
"2022/03","SGSIN","亞洲","TWKEL",2816
"2022/03","SGSIN","亞洲","TWKHH",14184
"2022/03","SGSIN","亞洲","TWTPE",1892
"2022/03","SGSIN","亞洲","TWTXG",2278
"2022/03","THLCH","亞洲","TWKEL",1517
"2022/03","THLCH","亞洲","TWKHH",22444
"2022/03","THLCH","亞洲","TWTPE",6713
"2022/03","THLCH","亞洲","TWTXG",2009
"2022/03","USLAX","北美洲","TWKEL",3134
"2022/03","USLAX","北美洲","TWKHH",22883
"2022/03","USLAX","北美洲","TWTPE",5751
"2022/03","VNHPH","亞洲","TWKEL",186
"2022/03","VNHPH","亞洲","TWKHH",13329
"2022/03","VNHPH","亞洲","TWTXG",922
"2022/04","CNNGB","亞洲","TWHPC",12
"2022/04","CNNGB","亞洲","TWKEL",6434
"2022/04","CNNGB","亞洲","TWKHH",6638
"2022/04","CNNGB","亞洲","TWTPE",2778
"2022/04","CNNGB","亞洲","TWTXG",6963
"2022/04","CNSHA","亞洲","TWKEL",10035
"2022/04","CNSHA","亞洲","TWKHH",7503
"2022/04","CNSHA","亞洲","TWTPE",3769
"2022/04","CNSHA","亞洲","TWTXG",8810
"2022/04","HKHKG","亞洲","TWKEL",24698
"2022/04","HKHKG","亞洲","TWKHH",30010
"2022/04","HKHKG","亞洲","TWTPE",4016
"2022/04","HKHKG","亞洲","TWTXG",10335
"2022/04","JPTYO","亞洲","TWKEL",4230
"2022/04","JPTYO","亞洲","TWKHH",13987
"2022/04","JPTYO","亞洲","TWTPE",3948
"2022/04","JPTYO","亞洲","TWTXG",4824
"2022/04","JPYOK","亞洲","TWKEL",4995
"2022/04","JPYOK","亞洲","TWKHH",14126
"2022/04","JPYOK","亞洲","TWTPE",1342
"2022/04","JPYOK","亞洲","TWTXG",3420
"2022/04","KRPUS","亞洲","TWKEL",3084
"2022/04","KRPUS","亞洲","TWKHH",14219
"2022/04","KRPUS","亞洲","TWTPE",1161
"2022/04","KRPUS","亞洲","TWTXG",2268
"2022/04","SGSIN","亞洲","TWKEL",1380
"2022/04","SGSIN","亞洲","TWKHH",19823
"2022/04","SGSIN","亞洲","TWTPE",1953
"2022/04","SGSIN","亞洲","TWTXG",3065
"2022/04","THLCH","亞洲","TWKEL",1329
"2022/04","THLCH","亞洲","TWKHH",14580
"2022/04","THLCH","亞洲","TWTPE",7647
"2022/04","THLCH","亞洲","TWTXG",1651
"2022/04","USLAX","北美洲","TWKEL",2310
"2022/04","USLAX","北美洲","TWKHH",15204
"2022/04","USLAX","北美洲","TWTPE",4960
"2022/04","VNHPH","亞洲","TWKEL",237
"2022/04","VNHPH","亞洲","TWKHH",11428
"2022/04","VNHPH","亞洲","TWTXG",919
"2022/05","CNNGB","亞洲","TWHPC",73
"2022/05","CNNGB","亞洲","TWKCX",1843
"2022/05","CNNGB","亞洲","TWKEL",7541
"2022/05","CNNGB","亞洲","TWKHH",7793
"2022/05","CNNGB","亞洲","TWTPE",1937
"2022/05","CNNGB","亞洲","TWTXG",8895
"2022/05","CNSHA","亞洲","TWKCX",779
"2022/05","CNSHA","亞洲","TWKEL",16214
"2022/05","CNSHA","亞洲","TWKHH",13915
"2022/05","CNSHA","亞洲","TWTPE",3850
"2022/05","CNSHA","亞洲","TWTXG",10445
"2022/05","HKHKG","亞洲","TWKEL",22070
"2022/05","HKHKG","亞洲","TWKHH",23456
"2022/05","HKHKG","亞洲","TWTPE",3569
"2022/05","HKHKG","亞洲","TWTXG",8523
"2022/05","JPTYO","亞洲","TWKEL",3056
"2022/05","JPTYO","亞洲","TWKHH",10973
"2022/05","JPTYO","亞洲","TWTPE",2776
"2022/05","JPTYO","亞洲","TWTXG",3689
"2022/05","JPYOK","亞洲","TWKEL",2821
"2022/05","JPYOK","亞洲","TWKHH",7831
"2022/05","JPYOK","亞洲","TWTPE",1510
"2022/05","JPYOK","亞洲","TWTXG",2109
"2022/05","KRPUS","亞洲","TWKEL",4029
"2022/05","KRPUS","亞洲","TWKHH",17744
"2022/05","KRPUS","亞洲","TWTPE",2177
"2022/05","KRPUS","亞洲","TWTXG",2325
"2022/05","SGSIN","亞洲","TWKEL",1434
"2022/05","SGSIN","亞洲","TWKHH",15378
"2022/05","SGSIN","亞洲","TWTPE",1506
"2022/05","SGSIN","亞洲","TWTXG",3358
"2022/05","THLCH","亞洲","TWKEL",1221
"2022/05","THLCH","亞洲","TWKHH",20015
"2022/05","THLCH","亞洲","TWTPE",6697
"2022/05","THLCH","亞洲","TWTXG",2017
"2022/05","USLAX","北美洲","TWKEL",2589
"2022/05","USLAX","北美洲","TWKHH",21009
"2022/05","USLAX","北美洲","TWTPE",10496
"2022/05","VNHPH","亞洲","TWKEL",185
"2022/05","VNHPH","亞洲","TWKHH",13495
"2022/05","VNHPH","亞洲","TWTXG",970
"2022/06","CNNGB","亞洲","TWHPC",34
"2022/06","CNNGB","亞洲","TWKEL",6631
"2022/06","CNNGB","亞洲","TWKHH",6419
"2022/06","CNNGB","亞洲","TWTPE",1134
"2022/06","CNNGB","亞洲","TWTXG",6736
"2022/06","CNSHA","亞洲","TWKEL",21996
"2022/06","CNSHA","亞洲","TWKHH",14430
"2022/06","CNSHA","亞洲","TWTPE",3081
"2022/06","CNSHA","亞洲","TWTXG",13931
"2022/06","HKHKG","亞洲","TWKEL",23193
"2022/06","HKHKG","亞洲","TWKHH",23845
"2022/06","HKHKG","亞洲","TWTPE",3435
"2022/06","HKHKG","亞洲","TWTXG",13681
"2022/06","JPTYO","亞洲","TWKEL",5674
"2022/06","JPTYO","亞洲","TWKHH",13636
"2022/06","JPTYO","亞洲","TWTPE",2850
"2022/06","JPTYO","亞洲","TWTXG",5140
"2022/06","JPYOK","亞洲","TWKEL",4296
"2022/06","JPYOK","亞洲","TWKHH",14988
"2022/06","JPYOK","亞洲","TWTPE",1862
"2022/06","JPYOK","亞洲","TWTXG",3008
"2022/06","KRPUS","亞洲","TWKEL",2541
"2022/06","KRPUS","亞洲","TWKHH",14258
"2022/06","KRPUS","亞洲","TWTPE",1436
"2022/06","KRPUS","亞洲","TWTXG",1677
"2022/06","SGSIN","亞洲","TWKEL",1562
"2022/06","SGSIN","亞洲","TWKHH",18736
"2022/06","SGSIN","亞洲","TWTPE",2196
"2022/06","SGSIN","亞洲","TWTXG",3144
"2022/06","THLCH","亞洲","TWKEL",1158
"2022/06","THLCH","亞洲","TWKHH",19543
"2022/06","THLCH","亞洲","TWTPE",4123
"2022/06","THLCH","亞洲","TWTXG",714
"2022/06","USLAX","北美洲","TWKEL",3040
"2022/06","USLAX","北美洲","TWKHH",22558
"2022/06","USLAX","北美洲","TWTPE",4642
"2022/06","VNHPH","亞洲","TWKEL",128
"2022/06","VNHPH","亞洲","TWKHH",15178
"2022/06","VNHPH","亞洲","TWTXG",727
"2022/07","CNNGB","亞洲","TWHPC",429
"2022/07","CNNGB","亞洲","TWKEL",6597
"2022/07","CNNGB","亞洲","TWKHH",8445
"2022/07","CNNGB","亞洲","TWTPE",1960
"2022/07","CNNGB","亞洲","TWTXG",8944
"2022/07","CNSHA","亞洲","TWKEL",18494
"2022/07","CNSHA","亞洲","TWKHH",15988
"2022/07","CNSHA","亞洲","TWTPE",4125
"2022/07","CNSHA","亞洲","TWTXG",12765
"2022/07","HKHKG","亞洲","TWKEL",25074
"2022/07","HKHKG","亞洲","TWKHH",22491
"2022/07","HKHKG","亞洲","TWTPE",3719
"2022/07","HKHKG","亞洲","TWTXG",10538
"2022/07","JPTYO","亞洲","TWKEL",5387
"2022/07","JPTYO","亞洲","TWKHH",13417
"2022/07","JPTYO","亞洲","TWTPE",3060
"2022/07","JPTYO","亞洲","TWTXG",4469
"2022/07","JPYOK","亞洲","TWKEL",3953
"2022/07","JPYOK","亞洲","TWKHH",10480
"2022/07","JPYOK","亞洲","TWTPE",1036
"2022/07","JPYOK","亞洲","TWTXG",2261
"2022/07","KRPUS","亞洲","TWKEL",4104
"2022/07","KRPUS","亞洲","TWKHH",16756
"2022/07","KRPUS","亞洲","TWTPE",2570
"2022/07","KRPUS","亞洲","TWTXG",2734
"2022/07","SGSIN","亞洲","TWKEL",901
"2022/07","SGSIN","亞洲","TWKHH",18335
"2022/07","SGSIN","亞洲","TWTPE",1773
"2022/07","SGSIN","亞洲","TWTXG",1903
"2022/07","THLCH","亞洲","TWKAW",23
"2022/07","THLCH","亞洲","TWKEL",1336
"2022/07","THLCH","亞洲","TWKHD",306
"2022/07","THLCH","亞洲","TWKHH",16638
"2022/07","THLCH","亞洲","TWTPE",5603
"2022/07","THLCH","亞洲","TWTXG",1974
"2022/07","USLAX","北美洲","TWKEL",3116
"2022/07","USLAX","北美洲","TWKHH",23654
"2022/07","USLAX","北美洲","TWTPE",11348
"2022/07","VNHPH","亞洲","TWKEL",405
"2022/07","VNHPH","亞洲","TWKHH",15337
"2022/07","VNHPH","亞洲","TWTXG",556
"2022/08","CNNGB","亞洲","TWHPC",273
"2022/08","CNNGB","亞洲","TWKEL",3973
"2022/08","CNNGB","亞洲","TWKHH",6120
"2022/08","CNNGB","亞洲","TWTPE",1197
"2022/08","CNNGB","亞洲","TWTXG",5297
"2022/08","CNSHA","亞洲","TWKEL",19042
"2022/08","CNSHA","亞洲","TWKHH",15306
"2022/08","CNSHA","亞洲","TWTPE",2157
"2022/08","CNSHA","亞洲","TWTXG",12797
"2022/08","HKHKG","亞洲","TWKEL",21133
"2022/08","HKHKG","亞洲","TWKHH",20746
"2022/08","HKHKG","亞洲","TWTPE",3479
"2022/08","HKHKG","亞洲","TWTXG",9263
"2022/08","JPTYO","亞洲","TWKEL",4950
"2022/08","JPTYO","亞洲","TWKHH",12908
"2022/08","JPTYO","亞洲","TWTPE",2360
"2022/08","JPTYO","亞洲","TWTXG",6421
"2022/08","JPYOK","亞洲","TWKEL",3861
"2022/08","JPYOK","亞洲","TWKHH",8794
"2022/08","JPYOK","亞洲","TWTPE",1453
"2022/08","JPYOK","亞洲","TWTXG",2360
"2022/08","KRPUS","亞洲","TWKEL",3064
"2022/08","KRPUS","亞洲","TWKHH",12010
"2022/08","KRPUS","亞洲","TWTPE",2215
"2022/08","KRPUS","亞洲","TWTXG",2238
"2022/08","SGSIN","亞洲","TWKEL",1155
"2022/08","SGSIN","亞洲","TWKHH",20164
"2022/08","SGSIN","亞洲","TWTPE",3090
"2022/08","SGSIN","亞洲","TWTXG",1313
"2022/08","THLCH","亞洲","TWKEL",1081
"2022/08","THLCH","亞洲","TWKHD",617
"2022/08","THLCH","亞洲","TWKHH",14631
"2022/08","THLCH","亞洲","TWTPE",3517
"2022/08","THLCH","亞洲","TWTXG",1369
"2022/08","USLAX","北美洲","TWKEL",1734
"2022/08","USLAX","北美洲","TWKHH",10035
"2022/08","USLAX","北美洲","TWTPE",6328
"2022/08","VNHPH","亞洲","TWKEL",207
"2022/08","VNHPH","亞洲","TWKHH",15801
"2022/08","VNHPH","亞洲","TWTXG",897
"2022/09","CNNGB","亞洲","TWHPC",150
"2022/09","CNNGB","亞洲","TWKEL",4696
"2022/09","CNNGB","亞洲","TWKHH",4092
"2022/09","CNNGB","亞洲","TWTPE",1856
"2022/09","CNNGB","亞洲","TWTXG",3206
"2022/09","CNSHA","亞洲","TWKEL",17474
"2022/09","CNSHA","亞洲","TWKHH",12955
"2022/09","CNSHA","亞洲","TWTPE",2883
"2022/09","CNSHA","亞洲","TWTXG",9912
"2022/09","HKHKG","亞洲","TWKEL",20258
"2022/09","HKHKG","亞洲","TWKHH",17182
"2022/09","HKHKG","亞洲","TWTPE",3301
"2022/09","HKHKG","亞洲","TWTXG",11273
"2022/09","JPTYO","亞洲","TWKEL",3632
"2022/09","JPTYO","亞洲","TWKHH",14567
"2022/09","JPTYO","亞洲","TWTPE",2684
"2022/09","JPTYO","亞洲","TWTXG",4548
"2022/09","JPYOK","亞洲","TWKEL",3290
"2022/09","JPYOK","亞洲","TWKHH",9657
"2022/09","JPYOK","亞洲","TWTPE",1094
"2022/09","JPYOK","亞洲","TWTXG",1731
"2022/09","KRPUS","亞洲","TWKEL",2800
"2022/09","KRPUS","亞洲","TWKHH",8294
"2022/09","KRPUS","亞洲","TWTPE",1158
"2022/09","KRPUS","亞洲","TWTXG",1582
"2022/09","SGSIN","亞洲","TWKEL",983
"2022/09","SGSIN","亞洲","TWKHH",17436
"2022/09","SGSIN","亞洲","TWTPE",1604
"2022/09","SGSIN","亞洲","TWTXG",1446
"2022/09","THLCH","亞洲","TWKEL",1241
"2022/09","THLCH","亞洲","TWKHD",543
"2022/09","THLCH","亞洲","TWKHH",15626
"2022/09","THLCH","亞洲","TWTPE",4269
"2022/09","THLCH","亞洲","TWTXG",1361
"2022/09","USLAX","北美洲","TWKEL",3203
"2022/09","USLAX","北美洲","TWKHH",13882
"2022/09","USLAX","北美洲","TWTPE",3134
"2022/09","VNHPH","亞洲","TWKEL",436
"2022/09","VNHPH","亞洲","TWKHH",15012
"2022/09","VNHPH","亞洲","TWTXG",1317
"2022/10","CNNGB","亞洲","TWHPC",178
"2022/10","CNNGB","亞洲","TWKEL",3142
"2022/10","CNNGB","亞洲","TWKHH",4589
"2022/10","CNNGB","亞洲","TWTPE",1955
"2022/10","CNNGB","亞洲","TWTXG",3942
"2022/10","CNSHA","亞洲","TWKEL",15529
"2022/10","CNSHA","亞洲","TWKHH",12714
"2022/10","CNSHA","亞洲","TWTPE",3485
"2022/10","CNSHA","亞洲","TWTXG",9739
"2022/10","HKHKG","亞洲","TWKEL",17924
"2022/10","HKHKG","亞洲","TWKHH",19069
"2022/10","HKHKG","亞洲","TWTPE",3992
"2022/10","HKHKG","亞洲","TWTXG",9719
"2022/10","JPTYO","亞洲","TWKEL",4190
"2022/10","JPTYO","亞洲","TWKHH",15683
"2022/10","JPTYO","亞洲","TWTPE",2236
"2022/10","JPTYO","亞洲","TWTXG",6283
"2022/10","JPYOK","亞洲","TWKEL",3412
"2022/10","JPYOK","亞洲","TWKHH",12211
"2022/10","JPYOK","亞洲","TWTPE",1078
"2022/10","JPYOK","亞洲","TWTXG",2405
"2022/10","KRPUS","亞洲","TWKEL",3221
"2022/10","KRPUS","亞洲","TWKHH",13634
"2022/10","KRPUS","亞洲","TWTPE",1218
"2022/10","KRPUS","亞洲","TWTXG",1680
"2022/10","SGSIN","亞洲","TWKEL",1477
"2022/10","SGSIN","亞洲","TWKHH",16265
"2022/10","SGSIN","亞洲","TWTPE",2972
"2022/10","SGSIN","亞洲","TWTXG",1775
"2022/10","THLCH","亞洲","TWKEL",1215
"2022/10","THLCH","亞洲","TWKHD",493
"2022/10","THLCH","亞洲","TWKHH",15146
"2022/10","THLCH","亞洲","TWTPE",2410
"2022/10","THLCH","亞洲","TWTXG",1185
"2022/10","USLAX","北美洲","TWKEL",2357
"2022/10","USLAX","北美洲","TWKHH",16241
"2022/10","USLAX","北美洲","TWTPE",3607
"2022/10","VNHPH","亞洲","TWKEL",292
"2022/10","VNHPH","亞洲","TWKHH",13150
"2022/10","VNHPH","亞洲","TWTXG",638
"2022/11","CNNGB","亞洲","TWHPC",185
"2022/11","CNNGB","亞洲","TWKEL",4806
"2022/11","CNNGB","亞洲","TWKHH",6038
"2022/11","CNNGB","亞洲","TWTPE",3718
"2022/11","CNNGB","亞洲","TWTXG",4581
"2022/11","CNSHA","亞洲","TWKEL",18421
"2022/11","CNSHA","亞洲","TWKHH",12724
"2022/11","CNSHA","亞洲","TWTPE",4040
"2022/11","CNSHA","亞洲","TWTXG",11157
"2022/11","HKHKG","亞洲","TWKEL",18165
"2022/11","HKHKG","亞洲","TWKHH",18137
"2022/11","HKHKG","亞洲","TWTPE",3826
"2022/11","HKHKG","亞洲","TWTXG",10331
"2022/11","JPTYO","亞洲","TWKEL",4362
"2022/11","JPTYO","亞洲","TWKHH",11533
"2022/11","JPTYO","亞洲","TWTPE",4010
"2022/11","JPTYO","亞洲","TWTXG",2884
"2022/11","JPYOK","亞洲","TWKEL",4355
"2022/11","JPYOK","亞洲","TWKHH",12134
"2022/11","JPYOK","亞洲","TWTPE",989
"2022/11","JPYOK","亞洲","TWTXG",2954
"2022/11","KRPUS","亞洲","TWKEL",3712
"2022/11","KRPUS","亞洲","TWKHH",13237
"2022/11","KRPUS","亞洲","TWTPE",1463
"2022/11","KRPUS","亞洲","TWTXG",1872
"2022/11","SGSIN","亞洲","TWKEL",4340
"2022/11","SGSIN","亞洲","TWKHH",18188
"2022/11","SGSIN","亞洲","TWTPE",1864
"2022/11","SGSIN","亞洲","TWTXG",2318
"2022/11","THLCH","亞洲","TWKEL",1354
"2022/11","THLCH","亞洲","TWKHH",12985
"2022/11","THLCH","亞洲","TWTPE",5449
"2022/11","THLCH","亞洲","TWTXG",1509
"2022/11","USLAX","北美洲","TWKEL",3160
"2022/11","USLAX","北美洲","TWKHH",23136
"2022/11","USLAX","北美洲","TWTPE",2922
"2022/11","VNHPH","亞洲","TWKEL",464
"2022/11","VNHPH","亞洲","TWKHH",7586
"2022/11","VNHPH","亞洲","TWTPE",272
"2022/11","VNHPH","亞洲","TWTXG",459
"2022/12","CNNGB","亞洲","TWHPC",182
"2022/12","CNNGB","亞洲","TWKEL",4803
"2022/12","CNNGB","亞洲","TWKHH",6874
"2022/12","CNNGB","亞洲","TWTPE",1443
"2022/12","CNNGB","亞洲","TWTXG",5514
"2022/12","CNSHA","亞洲","TWKEL",17520
"2022/12","CNSHA","亞洲","TWKHH",11271
"2022/12","CNSHA","亞洲","TWTPE",3572
"2022/12","CNSHA","亞洲","TWTXG",10773
"2022/12","HKHKG","亞洲","TWKEL",19045
"2022/12","HKHKG","亞洲","TWKHH",16358
"2022/12","HKHKG","亞洲","TWTPE",3991
"2022/12","HKHKG","亞洲","TWTXG",10285
"2022/12","JPTYO","亞洲","TWKEL",5228
"2022/12","JPTYO","亞洲","TWKHH",11211
"2022/12","JPTYO","亞洲","TWTPE",3782
"2022/12","JPTYO","亞洲","TWTXG",4721
"2022/12","JPYOK","亞洲","TWKEL",5377
"2022/12","JPYOK","亞洲","TWKHH",12696
"2022/12","JPYOK","亞洲","TWTPE",1421
"2022/12","JPYOK","亞洲","TWTXG",2433
"2022/12","KRPUS","亞洲","TWKEL",4582
"2022/12","KRPUS","亞洲","TWKHH",14722
"2022/12","KRPUS","亞洲","TWTPE",1914
"2022/12","KRPUS","亞洲","TWTXG",2118
"2022/12","SGSIN","亞洲","TWKEL",3260
"2022/12","SGSIN","亞洲","TWKHH",21348
"2022/12","SGSIN","亞洲","TWTPE",2887
"2022/12","SGSIN","亞洲","TWTXG",2698
"2022/12","THLCH","亞洲","TWKEL",1154
"2022/12","THLCH","亞洲","TWKHH",15681
"2022/12","THLCH","亞洲","TWTPE",6362
"2022/12","THLCH","亞洲","TWTXG",1774
"2022/12","USLAX","北美洲","TWKEL",2187
"2022/12","USLAX","北美洲","TWKHH",18159
"2022/12","USLAX","北美洲","TWTPE",3148
"2022/12","VNHPH","亞洲","TWKEL",588
"2022/12","VNHPH","亞洲","TWKHH",8774
"2022/12","VNHPH","亞洲","TWTXG",1379
"2023/01","CNNGB","亞洲","TWHPC",94
"2023/01","CNNGB","亞洲","TWKEL",4464
"2023/01","CNNGB","亞洲","TWKHH",5349
"2023/01","CNNGB","亞洲","TWTPE",1185
"2023/01","CNNGB","亞洲","TWTXG",3354
"2023/01","CNSHA","亞洲","TWKEL",11967
"2023/01","CNSHA","亞洲","TWKHH",11307
"2023/01","CNSHA","亞洲","TWTPE",3295
"2023/01","CNSHA","亞洲","TWTXG",7050
"2023/01","HKHKG","亞洲","TWKEL",15632
"2023/01","HKHKG","亞洲","TWKHH",13596
"2023/01","HKHKG","亞洲","TWTPE",4285
"2023/01","HKHKG","亞洲","TWTXG",10601
"2023/01","JPTYO","亞洲","TWKEL",2636
"2023/01","JPTYO","亞洲","TWKHH",9697
"2023/01","JPTYO","亞洲","TWTPE",1894
"2023/01","JPTYO","亞洲","TWTXG",5777
"2023/01","JPYOK","亞洲","TWKEL",2602
"2023/01","JPYOK","亞洲","TWKHH",10342
"2023/01","JPYOK","亞洲","TWTPE",808
"2023/01","JPYOK","亞洲","TWTXG",1842
"2023/01","KRPUS","亞洲","TWKEL",3098
"2023/01","KRPUS","亞洲","TWKHH",11763
"2023/01","KRPUS","亞洲","TWTPE",1422
"2023/01","KRPUS","亞洲","TWTXG",1626
"2023/01","SGSIN","亞洲","TWKEL",3121
"2023/01","SGSIN","亞洲","TWKHH",18940
"2023/01","SGSIN","亞洲","TWTPE",2725
"2023/01","SGSIN","亞洲","TWTXG",2986
"2023/01","THLCH","亞洲","TWKEL",1238
"2023/01","THLCH","亞洲","TWKHH",12790
"2023/01","THLCH","亞洲","TWTPE",4738
"2023/01","THLCH","亞洲","TWTXG",1691
"2023/01","USLAX","北美洲","TWKEL",737
"2023/01","USLAX","北美洲","TWKHH",11295
"2023/01","USLAX","北美洲","TWTPE",4061
"2023/01","VNHPH","亞洲","TWKEL",104
"2023/01","VNHPH","亞洲","TWKHH",9243
"2023/01","VNHPH","亞洲","TWTXG",801
"2023/02","CNNGB","亞洲","TWKEL",3292
"2023/02","CNNGB","亞洲","TWKHH",3981
"2023/02","CNNGB","亞洲","TWTPE",1270
"2023/02","CNNGB","亞洲","TWTXG",3982
"2023/02","CNSHA","亞洲","TWKEL",12443
"2023/02","CNSHA","亞洲","TWKHH",7983
"2023/02","CNSHA","亞洲","TWTPE",2949
"2023/02","CNSHA","亞洲","TWTXG",7550
"2023/02","HKHKG","亞洲","TWKEL",11269
"2023/02","HKHKG","亞洲","TWKHH",14600
"2023/02","HKHKG","亞洲","TWTPE",3276
"2023/02","HKHKG","亞洲","TWTXG",6798
"2023/02","JPTYO","亞洲","TWKEL",4107
"2023/02","JPTYO","亞洲","TWKHH",11044
"2023/02","JPTYO","亞洲","TWTPE",2849
"2023/02","JPTYO","亞洲","TWTXG",7366
"2023/02","JPYOK","亞洲","TWKEL",3989
"2023/02","JPYOK","亞洲","TWKHH",13142
"2023/02","JPYOK","亞洲","TWTPE",1440
"2023/02","JPYOK","亞洲","TWTXG",2887
"2023/02","KRPUS","亞洲","TWKEL",4186
"2023/02","KRPUS","亞洲","TWKHH",12694
"2023/02","KRPUS","亞洲","TWTPE",1557
"2023/02","KRPUS","亞洲","TWTXG",2118
"2023/02","SGSIN","亞洲","TWKEL",3117
"2023/02","SGSIN","亞洲","TWKHH",20321
"2023/02","SGSIN","亞洲","TWTPE",2604
"2023/02","SGSIN","亞洲","TWTXG",1769
"2023/02","THLCH","亞洲","TWKEL",1833
"2023/02","THLCH","亞洲","TWKHH",12997
"2023/02","THLCH","亞洲","TWTPE",4695
"2023/02","THLCH","亞洲","TWTXG",1930
"2023/02","USLAX","北美洲","TWKEL",2759
"2023/02","USLAX","北美洲","TWKHH",20594
"2023/02","USLAX","北美洲","TWTPE",3671
"2023/02","VNHPH","亞洲","TWKEL",112
"2023/02","VNHPH","亞洲","TWKHH",8183
"2023/02","VNHPH","亞洲","TWTXG",562
"2023/03","CNNGB","亞洲","TWHPC",30
"2023/03","CNNGB","亞洲","TWKEL",5016
"2023/03","CNNGB","亞洲","TWKHH",6436
"2023/03","CNNGB","亞洲","TWTPE",1610
"2023/03","CNNGB","亞洲","TWTXG",6886
"2023/03","CNSHA","亞洲","TWKEL",16362
"2023/03","CNSHA","亞洲","TWKHH",11223
"2023/03","CNSHA","亞洲","TWTPE",3921
"2023/03","CNSHA","亞洲","TWTXG",10050
"2023/03","HKHKG","亞洲","TWKEL",18418
"2023/03","HKHKG","亞洲","TWKHH",17067
"2023/03","HKHKG","亞洲","TWTPE",3559
"2023/03","HKHKG","亞洲","TWTXG",11674
"2023/03","JPTYO","亞洲","TWKEL",4489
"2023/03","JPTYO","亞洲","TWKHH",10118
"2023/03","JPTYO","亞洲","TWTPE",3384
"2023/03","JPTYO","亞洲","TWTXG",3844
"2023/03","JPYOK","亞洲","TWKEL",3825
"2023/03","JPYOK","亞洲","TWKHH",11060
"2023/03","JPYOK","亞洲","TWTPE",1402
"2023/03","JPYOK","亞洲","TWTXG",2295
"2023/03","KRPUS","亞洲","TWKEL",4377
"2023/03","KRPUS","亞洲","TWKHH",14387
"2023/03","KRPUS","亞洲","TWTPE",1452
"2023/03","KRPUS","亞洲","TWTXG",2453
"2023/03","SGSIN","亞洲","TWKEL",3012
"2023/03","SGSIN","亞洲","TWKHH",17757
"2023/03","SGSIN","亞洲","TWTPE",3088
"2023/03","SGSIN","亞洲","TWTXG",2637
"2023/03","THLCH","亞洲","TWKEL",1876
"2023/03","THLCH","亞洲","TWKHH",16094
"2023/03","THLCH","亞洲","TWTPE",6138
"2023/03","THLCH","亞洲","TWTXG",2583
"2023/03","USLAX","北美洲","TWKEL",4030
"2023/03","USLAX","北美洲","TWKHH",17690
"2023/03","USLAX","北美洲","TWTPE",2953
"2023/03","VNHPH","亞洲","TWKHH",14487
"2023/03","VNHPH","亞洲","TWTXG",2013
"2023/04","CNNGB","亞洲","TWKEL",5561
"2023/04","CNNGB","亞洲","TWKHH",6259
"2023/04","CNNGB","亞洲","TWTPE",2695
"2023/04","CNNGB","亞洲","TWTXG",5573
"2023/04","CNSHA","亞洲","TWKEL",17568
"2023/04","CNSHA","亞洲","TWKHH",12417
"2023/04","CNSHA","亞洲","TWTPE",3995
"2023/04","CNSHA","亞洲","TWTXG",9749
"2023/04","HKHKG","亞洲","TWKEL",19452
"2023/04","HKHKG","亞洲","TWKHH",17235
"2023/04","HKHKG","亞洲","TWTPE",3856
"2023/04","HKHKG","亞洲","TWTXG",10728
"2023/04","JPTYO","亞洲","TWKEL",3310
"2023/04","JPTYO","亞洲","TWKHH",10107
"2023/04","JPTYO","亞洲","TWTPE",3580
"2023/04","JPTYO","亞洲","TWTXG",4436
"2023/04","JPYOK","亞洲","TWKEL",3298
"2023/04","JPYOK","亞洲","TWKHH",10556
"2023/04","JPYOK","亞洲","TWTPE",1052
"2023/04","JPYOK","亞洲","TWTXG",2005
"2023/04","KRPUS","亞洲","TWKEL",4122
"2023/04","KRPUS","亞洲","TWKHH",17115
"2023/04","KRPUS","亞洲","TWTPE",1677
"2023/04","KRPUS","亞洲","TWTXG",1858
"2023/04","SGSIN","亞洲","TWKEL",3358
"2023/04","SGSIN","亞洲","TWKHH",18527
"2023/04","SGSIN","亞洲","TWTPE",2526
"2023/04","SGSIN","亞洲","TWTXG",2480
"2023/04","THLCH","亞洲","TWKEL",1400
"2023/04","THLCH","亞洲","TWKHH",9203
"2023/04","THLCH","亞洲","TWTPE",6290
"2023/04","THLCH","亞洲","TWTXG",1966
"2023/04","USLAX","北美洲","TWKEL",2151
"2023/04","USLAX","北美洲","TWKHH",21090
"2023/04","USLAX","北美洲","TWTPE",3468
"2023/04","VNHPH","亞洲","TWKHH",15084
"2023/04","VNHPH","亞洲","TWTXG",1598
"2023/05","CNNGB","亞洲","TWKEL",5774
"2023/05","CNNGB","亞洲","TWKHH",5875
"2023/05","CNNGB","亞洲","TWTPE",1439
"2023/05","CNNGB","亞洲","TWTXG",5709
"2023/05","CNSHA","亞洲","TWKEL",14536
"2023/05","CNSHA","亞洲","TWKHH",11190
"2023/05","CNSHA","亞洲","TWTPE",2592
"2023/05","CNSHA","亞洲","TWTXG",8745
"2023/05","HKHKG","亞洲","TWKEL",16909
"2023/05","HKHKG","亞洲","TWKHH",15192
"2023/05","HKHKG","亞洲","TWTPE",4245
"2023/05","HKHKG","亞洲","TWTXG",10957
"2023/05","JPTYO","亞洲","TWKEL",2788
"2023/05","JPTYO","亞洲","TWKHH",11014
"2023/05","JPTYO","亞洲","TWTPE",3410
"2023/05","JPTYO","亞洲","TWTXG",3698
"2023/05","JPYOK","亞洲","TWKEL",2831
"2023/05","JPYOK","亞洲","TWKHH",10346
"2023/05","JPYOK","亞洲","TWTPE",1358
"2023/05","JPYOK","亞洲","TWTXG",1942
"2023/05","KRPUS","亞洲","TWKEL",3443
"2023/05","KRPUS","亞洲","TWKHH",10893
"2023/05","KRPUS","亞洲","TWTPE",2000
"2023/05","KRPUS","亞洲","TWTXG",1979
"2023/05","SGSIN","亞洲","TWKEL",4062
"2023/05","SGSIN","亞洲","TWKHH",20026
"2023/05","SGSIN","亞洲","TWTPE",2530
"2023/05","SGSIN","亞洲","TWTXG",3787
"2023/05","THLCH","亞洲","TWKEL",3795
"2023/05","THLCH","亞洲","TWKHH",15054
"2023/05","THLCH","亞洲","TWTPE",3017
"2023/05","THLCH","亞洲","TWTXG",1286
"2023/05","USLAX","北美洲","TWKEL",3845
"2023/05","USLAX","北美洲","TWKHH",31633
"2023/05","USLAX","北美洲","TWTPE",8623
"2023/05","VNHPH","亞洲","TWKEL",2
"2023/05","VNHPH","亞洲","TWKHH",16078
"2023/05","VNHPH","亞洲","TWTXG",1501
"2023/06","CNNGB","亞洲","TWHPC",22
"2023/06","CNNGB","亞洲","TWKEL",5988
"2023/06","CNNGB","亞洲","TWKHH",5588
"2023/06","CNNGB","亞洲","TWTPE",2472
"2023/06","CNNGB","亞洲","TWTXG",5916
"2023/06","CNSHA","亞洲","TWKEL",13993
"2023/06","CNSHA","亞洲","TWKHH",10588
"2023/06","CNSHA","亞洲","TWTPE",3417
"2023/06","CNSHA","亞洲","TWTXG",10492
"2023/06","HKHKG","亞洲","TWKEL",17806
"2023/06","HKHKG","亞洲","TWKHH",16486
"2023/06","HKHKG","亞洲","TWTPE",3679
"2023/06","HKHKG","亞洲","TWTXG",10228
"2023/06","JPTYO","亞洲","TWKEL",3592
"2023/06","JPTYO","亞洲","TWKHH",12985
"2023/06","JPTYO","亞洲","TWTPE",2420
"2023/06","JPTYO","亞洲","TWTXG",4242
"2023/06","JPYOK","亞洲","TWKEL",3443
"2023/06","JPYOK","亞洲","TWKHH",12631
"2023/06","JPYOK","亞洲","TWTPE",1054
"2023/06","JPYOK","亞洲","TWTXG",2122
"2023/06","KRPUS","亞洲","TWKEL",3417
"2023/06","KRPUS","亞洲","TWKHH",10358
"2023/06","KRPUS","亞洲","TWTPE",2890
"2023/06","KRPUS","亞洲","TWTXG",2167
"2023/06","SGSIN","亞洲","TWKEL",3186
"2023/06","SGSIN","亞洲","TWKHH",16381
"2023/06","SGSIN","亞洲","TWTPE",3588
"2023/06","SGSIN","亞洲","TWTXG",1806
"2023/06","THLCH","亞洲","TWKEL",2105
"2023/06","THLCH","亞洲","TWKHH",8484
"2023/06","THLCH","亞洲","TWTPE",3513
"2023/06","THLCH","亞洲","TWTXG",1900
"2023/06","USLAX","北美洲","TWKEL",2339
"2023/06","USLAX","北美洲","TWKHH",17807
"2023/06","USLAX","北美洲","TWTPE",6651
"2023/06","VNHPH","亞洲","TWKEL",2
"2023/06","VNHPH","亞洲","TWKHH",14682
"2023/06","VNHPH","亞洲","TWTPE",578
"2023/06","VNHPH","亞洲","TWTXG",1922
"2023/07","CNNGB","亞洲","TWKEL",4794
"2023/07","CNNGB","亞洲","TWKHH",5329
"2023/07","CNNGB","亞洲","TWTPE",1607
"2023/07","CNNGB","亞洲","TWTXG",6270
"2023/07","CNSHA","亞洲","TWKEL",14067
"2023/07","CNSHA","亞洲","TWKHH",11463
"2023/07","CNSHA","亞洲","TWTPE",2833
"2023/07","CNSHA","亞洲","TWTXG",8794
"2023/07","HKHKG","亞洲","TWKEL",16299
"2023/07","HKHKG","亞洲","TWKHH",14420
"2023/07","HKHKG","亞洲","TWTPE",3911
"2023/07","HKHKG","亞洲","TWTXG",9432
"2023/07","JPTYO","亞洲","TWKEL",2620
"2023/07","JPTYO","亞洲","TWKHH",7750
"2023/07","JPTYO","亞洲","TWTPE",3878
"2023/07","JPTYO","亞洲","TWTXG",5307
"2023/07","JPYOK","亞洲","TWKEL",2955
"2023/07","JPYOK","亞洲","TWKHH",10694
"2023/07","JPYOK","亞洲","TWTPE",1667
"2023/07","JPYOK","亞洲","TWTXG",1951
"2023/07","KRPUS","亞洲","TWKEL",2970
"2023/07","KRPUS","亞洲","TWKHH",12626
"2023/07","KRPUS","亞洲","TWTPE",3137
"2023/07","KRPUS","亞洲","TWTXG",1699
"2023/07","SGSIN","亞洲","TWKEL",2865
"2023/07","SGSIN","亞洲","TWKHH",18917
"2023/07","SGSIN","亞洲","TWTPE",3074
"2023/07","SGSIN","亞洲","TWTXG",1886
"2023/07","THLCH","亞洲","TWKEL",1555
"2023/07","THLCH","亞洲","TWKHH",13264
"2023/07","THLCH","亞洲","TWTPE",4325
"2023/07","THLCH","亞洲","TWTXG",1656
"2023/07","USLAX","北美洲","TWKEL",3014
"2023/07","USLAX","北美洲","TWKHH",37283
"2023/07","USLAX","北美洲","TWTPE",3449
"2023/07","VNHPH","亞洲","TWKHH",13986
"2023/07","VNHPH","亞洲","TWTPE",1260
"2023/07","VNHPH","亞洲","TWTXG",1647
"2023/08","CNNGB","亞洲","TWKEL",4834
"2023/08","CNNGB","亞洲","TWKHH",5818
"2023/08","CNNGB","亞洲","TWTPE",1846
"2023/08","CNNGB","亞洲","TWTXG",5664
"2023/08","CNSHA","亞洲","TWKEL",15838
"2023/08","CNSHA","亞洲","TWKHH",11146
"2023/08","CNSHA","亞洲","TWTPE",2921
"2023/08","CNSHA","亞洲","TWTXG",9518
"2023/08","HKHKG","亞洲","TWKEL",17618
"2023/08","HKHKG","亞洲","TWKHH",12459
"2023/08","HKHKG","亞洲","TWTPE",3386
"2023/08","HKHKG","亞洲","TWTXG",9855
"2023/08","JPTYO","亞洲","TWKEL",2712
"2023/08","JPTYO","亞洲","TWKHH",9364
"2023/08","JPTYO","亞洲","TWTPE",2261
"2023/08","JPTYO","亞洲","TWTXG",4097
"2023/08","JPYOK","亞洲","TWKEL",2850
"2023/08","JPYOK","亞洲","TWKHH",11844
"2023/08","JPYOK","亞洲","TWTPE",1239
"2023/08","JPYOK","亞洲","TWTXG",1664
"2023/08","KRPUS","亞洲","TWKEL",3063
"2023/08","KRPUS","亞洲","TWKHH",12398
"2023/08","KRPUS","亞洲","TWTPE",4064
"2023/08","KRPUS","亞洲","TWTXG",1662
"2023/08","SGSIN","亞洲","TWKEL",2003
"2023/08","SGSIN","亞洲","TWKHH",17337
"2023/08","SGSIN","亞洲","TWTPE",3147
"2023/08","SGSIN","亞洲","TWTXG",2338
"2023/08","THLCH","亞洲","TWKEL",1650
"2023/08","THLCH","亞洲","TWKHH",10154
"2023/08","THLCH","亞洲","TWTPE",3214
"2023/08","THLCH","亞洲","TWTXG",2011
"2023/08","USLAX","北美洲","TWKEL",3137
"2023/08","USLAX","北美洲","TWKHH",30943
"2023/08","USLAX","北美洲","TWTPE",3656
"2023/08","VNHPH","亞洲","TWKHH",15641
"2023/08","VNHPH","亞洲","TWTPE",1371
"2023/08","VNHPH","亞洲","TWTXG",886
"2023/09","CNNGB","亞洲","TWKEL",5152
"2023/09","CNNGB","亞洲","TWKHH",6186
"2023/09","CNNGB","亞洲","TWTPE",2677
"2023/09","CNNGB","亞洲","TWTXG",6493
"2023/09","CNSHA","亞洲","TWKEL",15982
"2023/09","CNSHA","亞洲","TWKHH",12479
"2023/09","CNSHA","亞洲","TWTPE",3338
"2023/09","CNSHA","亞洲","TWTXG",8762
"2023/09","HKHKG","亞洲","TWKEL",15807
"2023/09","HKHKG","亞洲","TWKHH",14404
"2023/09","HKHKG","亞洲","TWTPE",3836
"2023/09","HKHKG","亞洲","TWTXG",10672
"2023/09","JPTYO","亞洲","TWKEL",2908
"2023/09","JPTYO","亞洲","TWKHH",7641
"2023/09","JPTYO","亞洲","TWTPE",3221
"2023/09","JPTYO","亞洲","TWTXG",3163
"2023/09","JPYOK","亞洲","TWKEL",2611
"2023/09","JPYOK","亞洲","TWKHH",11938
"2023/09","JPYOK","亞洲","TWTPE",1434
"2023/09","JPYOK","亞洲","TWTXG",1169
"2023/09","KRPUS","亞洲","TWKEL",3373
"2023/09","KRPUS","亞洲","TWKHH",16419
"2023/09","KRPUS","亞洲","TWTPE",2705
"2023/09","KRPUS","亞洲","TWTXG",2069
"2023/09","SGSIN","亞洲","TWKEL",1921
"2023/09","SGSIN","亞洲","TWKHH",16951
"2023/09","SGSIN","亞洲","TWTPE",2735
"2023/09","SGSIN","亞洲","TWTXG",4425
"2023/09","THLCH","亞洲","TWKEL",1371
"2023/09","THLCH","亞洲","TWKHH",10926
"2023/09","THLCH","亞洲","TWTPE",4487
"2023/09","THLCH","亞洲","TWTXG",2540
"2023/09","USLAX","北美洲","TWKEL",3778
"2023/09","USLAX","北美洲","TWKHH",33017
"2023/09","USLAX","北美洲","TWTPE",1773
"2023/09","VNHPH","亞洲","TWKHH",14778
"2023/09","VNHPH","亞洲","TWTPE",859
"2023/09","VNHPH","亞洲","TWTXG",2084
"2023/10","CNNGB","亞洲","TWKEL",3914
"2023/10","CNNGB","亞洲","TWKHH",6674
"2023/10","CNNGB","亞洲","TWTPE",4260
"2023/10","CNNGB","亞洲","TWTXG",5946
"2023/10","CNSHA","亞洲","TWKEL",14145
"2023/10","CNSHA","亞洲","TWKHH",12689
"2023/10","CNSHA","亞洲","TWTPE",4497
"2023/10","CNSHA","亞洲","TWTXG",8611
"2023/10","HKHKG","亞洲","TWKEL",14840
"2023/10","HKHKG","亞洲","TWKHH",13591
"2023/10","HKHKG","亞洲","TWTPE",3095
"2023/10","HKHKG","亞洲","TWTXG",9129
"2023/10","JPTYO","亞洲","TWKEL",3644
"2023/10","JPTYO","亞洲","TWKHH",8631
"2023/10","JPTYO","亞洲","TWTPE",2987
"2023/10","JPTYO","亞洲","TWTXG",6030
"2023/10","JPYOK","亞洲","TWKEL",3556
"2023/10","JPYOK","亞洲","TWKHH",12304
"2023/10","JPYOK","亞洲","TWTPE",1649
"2023/10","JPYOK","亞洲","TWTXG",2222
"2023/10","KRPUS","亞洲","TWKEL",2964
"2023/10","KRPUS","亞洲","TWKHH",10409
"2023/10","KRPUS","亞洲","TWTPE",2385
"2023/10","KRPUS","亞洲","TWTXG",1449
"2023/10","SGSIN","亞洲","TWKEL",1115
"2023/10","SGSIN","亞洲","TWKHH",17082
"2023/10","SGSIN","亞洲","TWTPE",2313
"2023/10","SGSIN","亞洲","TWTXG",2729
"2023/10","THLCH","亞洲","TWKEL",1634
"2023/10","THLCH","亞洲","TWKHH",10634
"2023/10","THLCH","亞洲","TWTPE",3199
"2023/10","THLCH","亞洲","TWTXG",808
"2023/10","USLAX","北美洲","TWKEL",4196
"2023/10","USLAX","北美洲","TWKHH",26866
"2023/10","USLAX","北美洲","TWTPE",5750
"2023/10","VNHPH","亞洲","TWKHH",13833
"2023/10","VNHPH","亞洲","TWTPE",875
"2023/10","VNHPH","亞洲","TWTXG",1861
"2023/11","CNNGB","亞洲","TWKEL",4258
"2023/11","CNNGB","亞洲","TWKHH",7723
"2023/11","CNNGB","亞洲","TWTPE",2138
"2023/11","CNNGB","亞洲","TWTXG",6450
"2023/11","CNSHA","亞洲","TWKEL",16557
"2023/11","CNSHA","亞洲","TWKHH",12248
"2023/11","CNSHA","亞洲","TWTPE",2876
"2023/11","CNSHA","亞洲","TWTXG",8915
"2023/11","HKHKG","亞洲","TWKEL",16375
"2023/11","HKHKG","亞洲","TWKHH",12926
"2023/11","HKHKG","亞洲","TWTPE",4057
"2023/11","HKHKG","亞洲","TWTXG",10024
"2023/11","JPTYO","亞洲","TWKEL",3373
"2023/11","JPTYO","亞洲","TWKHH",7732
"2023/11","JPTYO","亞洲","TWTPE",2295
"2023/11","JPTYO","亞洲","TWTXG",2595
"2023/11","JPYOK","亞洲","TWKEL",3288
"2023/11","JPYOK","亞洲","TWKHH",10207
"2023/11","JPYOK","亞洲","TWTPE",1754
"2023/11","JPYOK","亞洲","TWTXG",1575
"2023/11","KRPUS","亞洲","TWKEL",2667
"2023/11","KRPUS","亞洲","TWKHH",11679
"2023/11","KRPUS","亞洲","TWTPE",3421
"2023/11","KRPUS","亞洲","TWTXG",2104
"2023/11","SGSIN","亞洲","TWKEL",453
"2023/11","SGSIN","亞洲","TWKHH",15113
"2023/11","SGSIN","亞洲","TWTPE",3139
"2023/11","SGSIN","亞洲","TWTXG",3296
"2023/11","THLCH","亞洲","TWKEL",1804
"2023/11","THLCH","亞洲","TWKHH",9171
"2023/11","THLCH","亞洲","TWTPE",3606
"2023/11","THLCH","亞洲","TWTXG",1275
"2023/11","USLAX","北美洲","TWKEL",3459
"2023/11","USLAX","北美洲","TWKHH",37446
"2023/11","USLAX","北美洲","TWTPE",954
"2023/11","VNHPH","亞洲","TWKHH",15684
"2023/11","VNHPH","亞洲","TWTPE",1026
"2023/11","VNHPH","亞洲","TWTXG",2196
"2023/12","CNNGB","亞洲","TWKEL",6361
"2023/12","CNNGB","亞洲","TWKHH",8084
"2023/12","CNNGB","亞洲","TWTPE",2788
"2023/12","CNNGB","亞洲","TWTXG",5657
"2023/12","CNNGB","亞洲","TWTZG",115
"2023/12","CNSHA","亞洲","TWKEL",18207
"2023/12","CNSHA","亞洲","TWKHH",14008
"2023/12","CNSHA","亞洲","TWTPE",4118
"2023/12","CNSHA","亞洲","TWTXG",10073
"2023/12","HKHKG","亞洲","TWKEL",17393
"2023/12","HKHKG","亞洲","TWKHH",14208
"2023/12","HKHKG","亞洲","TWTPE",3868
"2023/12","HKHKG","亞洲","TWTXG",10795
"2023/12","JPTYO","亞洲","TWKEL",3678
"2023/12","JPTYO","亞洲","TWKHH",10895
"2023/12","JPTYO","亞洲","TWTPE",2821
"2023/12","JPTYO","亞洲","TWTXG",5505
"2023/12","JPYOK","亞洲","TWKEL",3466
"2023/12","JPYOK","亞洲","TWKHH",12055
"2023/12","JPYOK","亞洲","TWTPE",1624
"2023/12","JPYOK","亞洲","TWTXG",2205
"2023/12","KRPUS","亞洲","TWKEL",3088
"2023/12","KRPUS","亞洲","TWKHH",11098
"2023/12","KRPUS","亞洲","TWTPE",3400
"2023/12","KRPUS","亞洲","TWTXG",2512
"2023/12","SGSIN","亞洲","TWKEL",1332
"2023/12","SGSIN","亞洲","TWKHH",15422
"2023/12","SGSIN","亞洲","TWTPE",3424
"2023/12","SGSIN","亞洲","TWTXG",2349
"2023/12","THLCH","亞洲","TWKEL",2181
"2023/12","THLCH","亞洲","TWKHH",11068
"2023/12","THLCH","亞洲","TWTPE",4539
"2023/12","THLCH","亞洲","TWTXG",1779
"2023/12","USLAX","北美洲","TWKEL",2727
"2023/12","USLAX","北美洲","TWKHH",25944
"2023/12","USLAX","北美洲","TWTPE",785
"2023/12","VNHPH","亞洲","TWKHH",14905
"2023/12","VNHPH","亞洲","TWTPE",2124
"2023/12","VNHPH","亞洲","TWTXG",1747
"2024/01","CNNGB","亞洲","TWHPC",24
"2024/01","CNNGB","亞洲","TWKEL",5821
"2024/01","CNNGB","亞洲","TWKHH",9383
"2024/01","CNNGB","亞洲","TWTPE",2931
"2024/01","CNNGB","亞洲","TWTXG",7048
"2024/01","CNSHA","亞洲","TWKEL",16374
"2024/01","CNSHA","亞洲","TWKHH",14114
"2024/01","CNSHA","亞洲","TWTPE",4464
"2024/01","CNSHA","亞洲","TWTXG",10956
"2024/01","HKHKG","亞洲","TWKEL",21005
"2024/01","HKHKG","亞洲","TWKHH",14678
"2024/01","HKHKG","亞洲","TWTPE",4136
"2024/01","HKHKG","亞洲","TWTXG",12581
"2024/01","JPTYO","亞洲","TWKEL",2515
"2024/01","JPTYO","亞洲","TWKHH",8513
"2024/01","JPTYO","亞洲","TWTPE",2895
"2024/01","JPTYO","亞洲","TWTXG",3799
"2024/01","JPYOK","亞洲","TWKEL",3029
"2024/01","JPYOK","亞洲","TWKHH",9283
"2024/01","JPYOK","亞洲","TWTPE",1731
"2024/01","JPYOK","亞洲","TWTXG",1529
"2024/01","KRPUS","亞洲","TWKEL",3288
"2024/01","KRPUS","亞洲","TWKHH",10393
"2024/01","KRPUS","亞洲","TWTPE",2860
"2024/01","KRPUS","亞洲","TWTXG",2860
"2024/01","SGSIN","亞洲","TWKEL",297
"2024/01","SGSIN","亞洲","TWKHH",14152
"2024/01","SGSIN","亞洲","TWTPE",2895
"2024/01","SGSIN","亞洲","TWTXG",2522
"2024/01","THLCH","亞洲","TWKEL",2673
"2024/01","THLCH","亞洲","TWKHH",10448
"2024/01","THLCH","亞洲","TWTPE",3583
"2024/01","THLCH","亞洲","TWTXG",1180
"2024/01","USLAX","北美洲","TWKEL",3604
"2024/01","USLAX","北美洲","TWKHH",41013
"2024/01","USLAX","北美洲","TWTPE",1420
"2024/01","VNHPH","亞洲","TWKHH",14947
"2024/01","VNHPH","亞洲","TWTPE",1581
"2024/01","VNHPH","亞洲","TWTXG",1910
"2024/02","CNNGB","亞洲","TWKEL",3930
"2024/02","CNNGB","亞洲","TWKHH",5971
"2024/02","CNNGB","亞洲","TWTPE",1727
"2024/02","CNNGB","亞洲","TWTXG",4712
"2024/02","CNSHA","亞洲","TWKEL",9577
"2024/02","CNSHA","亞洲","TWKHH",7836
"2024/02","CNSHA","亞洲","TWTPE",2669
"2024/02","CNSHA","亞洲","TWTXG",5537
"2024/02","HKHKG","亞洲","TWKEL",9151
"2024/02","HKHKG","亞洲","TWKHH",10085
"2024/02","HKHKG","亞洲","TWTPE",1929
"2024/02","HKHKG","亞洲","TWTXG",6402
"2024/02","JPTYO","亞洲","TWKEL",2562
"2024/02","JPTYO","亞洲","TWKHH",8754
"2024/02","JPTYO","亞洲","TWTPE",3089
"2024/02","JPTYO","亞洲","TWTXG",3855
"2024/02","JPYOK","亞洲","TWKEL",3156
"2024/02","JPYOK","亞洲","TWKHH",12925
"2024/02","JPYOK","亞洲","TWTPE",1538
"2024/02","JPYOK","亞洲","TWTXG",2224
"2024/02","KRPUS","亞洲","TWKEL",2672
"2024/02","KRPUS","亞洲","TWKHH",11440
"2024/02","KRPUS","亞洲","TWTPE",1834
"2024/02","KRPUS","亞洲","TWTXG",2140
"2024/02","SGSIN","亞洲","TWKEL",781
"2024/02","SGSIN","亞洲","TWKHH",12844
"2024/02","SGSIN","亞洲","TWTPE",2424
"2024/02","SGSIN","亞洲","TWTXG",2074
"2024/02","THLCH","亞洲","TWKEL",822
"2024/02","THLCH","亞洲","TWKHH",11693
"2024/02","THLCH","亞洲","TWTPE",3716
"2024/02","THLCH","亞洲","TWTXG",1019
"2024/02","USLAX","北美洲","TWKEL",1936
"2024/02","USLAX","北美洲","TWKHH",22171
"2024/02","USLAX","北美洲","TWTPE",2865
"2024/02","VNHPH","亞洲","TWKHH",11537
"2024/02","VNHPH","亞洲","TWTPE",1138
"2024/02","VNHPH","亞洲","TWTXG",1386
"2024/03","CNNGB","亞洲","TWKEL",4887
"2024/03","CNNGB","亞洲","TWKHH",8676
"2024/03","CNNGB","亞洲","TWTPE",1546
"2024/03","CNNGB","亞洲","TWTXG",5760
"2024/03","CNSHA","亞洲","TWKEL",18233
"2024/03","CNSHA","亞洲","TWKHH",14187
"2024/03","CNSHA","亞洲","TWTPE",2812
"2024/03","CNSHA","亞洲","TWTXG",9675
"2024/03","HKHKG","亞洲","TWKEL",16430
"2024/03","HKHKG","亞洲","TWKHH",13743
"2024/03","HKHKG","亞洲","TWTPE",3607
"2024/03","HKHKG","亞洲","TWTXG",9445
"2024/03","JPTYO","亞洲","TWKEL",3469
"2024/03","JPTYO","亞洲","TWKHH",8560
"2024/03","JPTYO","亞洲","TWTPE",3465
"2024/03","JPTYO","亞洲","TWTXG",4396
"2024/03","JPYOK","亞洲","TWKEL",3329
"2024/03","JPYOK","亞洲","TWKHH",11667
"2024/03","JPYOK","亞洲","TWTPE",1569
"2024/03","JPYOK","亞洲","TWTXG",1944
"2024/03","KRPUS","亞洲","TWKEL",3474
"2024/03","KRPUS","亞洲","TWKHH",12930
"2024/03","KRPUS","亞洲","TWTPE",1604
"2024/03","KRPUS","亞洲","TWTXG",2607
"2024/03","SGSIN","亞洲","TWKEL",1314
"2024/03","SGSIN","亞洲","TWKHH",16184
"2024/03","SGSIN","亞洲","TWTPE",3188
"2024/03","SGSIN","亞洲","TWTXG",2168
"2024/03","THLCH","亞洲","TWKEL",2655
"2024/03","THLCH","亞洲","TWKHH",10555
"2024/03","THLCH","亞洲","TWTPE",2686
"2024/03","THLCH","亞洲","TWTXG",1662
"2024/03","USLAX","北美洲","TWKEL",4680
"2024/03","USLAX","北美洲","TWKHH",36227
"2024/03","USLAX","北美洲","TWTPE",3630
"2024/03","VNHPH","亞洲","TWKHH",17831
"2024/03","VNHPH","亞洲","TWTPE",1452
"2024/03","VNHPH","亞洲","TWTXG",1131